int	string	string
id	名称备注	内容
id	name	content
1	上映观众评论1	好看
2	上映观众评论2	不好看
3	上映观众评论3	好看
4	上映观众评论4	不好看
5	上映观众评论5	好看
6	上映观众评论6	不好看
7	上映观众评论7	好看
8	上映观众评论8	不好看
9	上映观众评论9	好看
10	上映观众评论10	不好看
11	上映观众评论11	好看
12	上映观众评论12	不好看
13	上映观众评论13	好看
14	上映观众评论14	不好看
15	上映观众评论15	好看
16	上映观众评论16	不好看
17	上映观众评论17	好看
18	上映观众评论18	不好看
19	上映观众评论19	好看
20	上映观众评论20	不好看
21	上映观众评论21	好看
22	上映观众评论22	不好看
23	上映观众评论23	好看
24	上映观众评论24	不好看
25	上映观众评论25	好看
26	上映观众评论26	不好看
27	上映观众评论27	好看
28	上映观众评论28	不好看
29	上映观众评论29	好看
30	上映观众评论30	不好看
31	上映观众评论31	好看
32	上映观众评论32	不好看
33	上映观众评论33	好看
34	上映观众评论34	不好看
35	上映观众评论35	好看
36	上映观众评论36	不好看
37	上映观众评论37	好看
38	上映观众评论38	不好看
39	上映观众评论39	好看
40	上映观众评论40	不好看
41	上映观众评论41	好看
42	上映观众评论42	不好看
43	上映观众评论43	好看
44	上映观众评论44	不好看
45	上映观众评论45	好看
46	上映观众评论46	不好看
47	上映观众评论47	好看
48	上映观众评论48	不好看
49	上映观众评论49	好看
50	上映观众评论50	不好看
51	上映观众评论51	好看
52	上映观众评论52	不好看
53	上映观众评论53	好看
54	上映观众评论54	不好看
55	上映观众评论55	好看
56	上映观众评论56	不好看
57	上映观众评论57	好看
58	上映观众评论58	不好看
59	上映观众评论59	好看
60	上映观众评论60	不好看
61	上映观众评论61	好看
62	上映观众评论62	不好看
63	上映观众评论63	好看
64	上映观众评论64	不好看
65	上映观众评论65	好看
66	上映观众评论66	不好看
67	上映观众评论67	好看
68	上映观众评论68	不好看
69	上映观众评论69	好看
70	上映观众评论70	不好看
71	上映观众评论71	好看
72	上映观众评论72	不好看
73	上映观众评论73	好看
74	上映观众评论74	不好看
75	上映观众评论75	好看
76	上映观众评论76	不好看
77	上映观众评论77	好看
78	上映观众评论78	不好看
79	上映观众评论79	好看
80	上映观众评论80	不好看
81	上映观众评论81	好看
82	上映观众评论82	不好看
83	上映观众评论83	好看
84	上映观众评论84	不好看
85	上映观众评论85	好看
86	上映观众评论86	不好看
87	上映观众评论87	好看
88	上映观众评论88	不好看
89	上映观众评论89	好看
90	上映观众评论90	不好看
91	上映观众评论91	好看
92	上映观众评论92	不好看
93	上映观众评论93	好看
94	上映观众评论94	不好看
95	上映观众评论95	好看
96	上映观众评论96	不好看
97	上映观众评论97	好看
98	上映观众评论98	不好看
99	上映观众评论99	好看
100	上映观众评论100	不好看
